{
  "project_info": {
    "project_number": "899046849591",
    "firebase_url": "https://coin-collector-7dd3f.firebaseio.com",
    "project_id": "coin-collector-7dd3f",
    "storage_bucket": "coin-collector-7dd3f.appspot.com"
  },
  "client": [
    {
      "client_info": {
        "mobilesdk_app_id": "1:899046849591:android:cf9c7e94fc3cb7df",
        "android_client_info": {
          "package_name": "com.example.rashminpc.firebase_arduino_android_demo_app"
        }
      },
      "oauth_client": [
        {
          "client_id": "899046849591-hcbddd6cd99gh46h0sda5tikji7jluqn.apps.googleusercontent.com",
          "client_type": 1,
          "android_info": {
            "package_name": "com.example.rashminpc.firebase_arduino_android_demo_app",
            "certificate_hash": "99bffe895c8843c1b14f446612ba08d1cb6d4339"
          }
        },
        {
          "client_id": "899046849591-6eat52378uesmck28e5vloma68qkkknt.apps.googleusercontent.com",
          "client_type": 3
        }
      ],
      "api_key": [
        {
          "current_key": "AIzaSyBfdKENrvWO3RyvXTtnfCcWTT7enqY1Ra4"
        }
      ],
      "services": {
        "analytics_service": {
          "status": 1
        },
        "appinvite_service": {
          "status": 2,
          "other_platform_oauth_client": [
            {
              "client_id": "899046849591-6eat52378uesmck28e5vloma68qkkknt.apps.googleusercontent.com",
              "client_type": 3
            }
          ]
        },
        "ads_service": {
          "status": 2
        }
      }
    }
  ],
  "configuration_version": "1"
}